frame,obj num,correct-obj num,over-obj num,under-obj num,no-obj num,V measure score (beta=1.00),Homogeneity,H(C|K),H(C),Completeness,H(K|C),H(K),Scene Num,Ave vel
1,1,0,1,0,0,0.000,1.000,0.000,0.000,0.000,0.179,0.179,0,0
2,1,0,1,0,0,0.000,1.000,0.000,0.000,0.000,0.398,0.398,0,0
3,1,0,1,0,0,0.000,1.000,0.000,0.000,0.000,0.443,0.443,0,0
4,1,0,1,0,0,0.000,1.000,0.000,0.000,0.000,0.371,0.371,0,0
5,1,0,1,0,0,0.000,1.000,0.000,0.000,0.000,0.367,0.367,0,0
6,1,0,1,0,0,0.000,1.000,0.000,0.000,0.000,0.295,0.295,0,0
7,1,0,1,0,0,0.000,1.000,0.000,0.000,0.000,0.315,0.315,0,0
8,1,0,1,0,0,0.000,1.000,0.000,0.000,0.000,0.146,0.146,0,0
9,1,0,1,0,0,0.000,1.000,0.000,0.000,0.000,0.271,0.271,0,0
10,1,0,1,0,0,0.000,1.000,0.000,0.000,0.000,0.206,0.206,0,0
11,1,0,1,0,0,0.000,1.000,0.000,0.000,0.000,0.509,0.509,0,0
12,2,2,0,0,0,1.000,1.000,0.000,0.206,1.000,0.000,0.206,0,0
13,2,1,1,0,0,0.670,1.000,0.000,0.199,0.503,0.196,0.394,0,0
14,1,0,1,0,0,0.000,1.000,0.000,0.000,0.000,0.537,0.537,0,0
15,2,1,1,0,0,0.411,1.000,0.000,0.257,0.259,0.737,0.994,0,0
16,3,2,1,0,0,0.678,1.000,0.000,0.668,0.513,0.633,1.301,0,0
17,3,2,1,0,0,0.737,1.000,0.000,0.746,0.584,0.531,1.277,0,0
18,3,1,2,0,0,0.653,1.000,0.000,0.655,0.485,0.696,1.351,0,0
19,3,1,2,0,0,0.769,1.000,0.000,0.777,0.625,0.467,1.244,0,0
20,2,1,1,0,0,0.730,1.000,0.000,0.673,0.575,0.497,1.170,0,0
21,2,1,1,0,0,0.773,1.000,0.000,0.637,0.629,0.375,1.011,0,0
22,2,0,2,0,0,0.671,1.000,0.000,0.649,0.505,0.636,1.285,0,0
23,2,0,2,0,0,0.695,1.000,0.000,0.500,0.532,0.440,0.940,0,0
24,2,1,1,0,0,0.895,1.000,0.000,0.393,0.809,0.092,0.485,0,0
25,1,1,0,0,0,1.000,1.000,0.000,0.000,1.000,0.000,0.000,0,0
26,3,2,1,0,0,0.931,1.000,0.000,0.628,0.872,0.092,0.720,0,0
27,3,2,1,0,0,0.920,1.000,0.000,0.802,0.853,0.139,0.940,0,0
28,3,3,0,0,0,1.000,1.000,0.000,0.943,1.000,0.000,0.943,0,0
29,3,3,0,0,0,1.000,1.000,0.000,0.900,1.000,0.000,0.900,0,0
30,1,1,0,0,0,1.000,1.000,0.000,0.000,1.000,0.000,0.000,0,0
31,1,0,1,0,0,0.000,1.000,0.000,0.000,0.000,0.693,0.693,0,0
32,1,0,1,0,0,0.000,1.000,0.000,0.000,0.000,0.693,0.693,0,0
33,1,1,0,0,0,1.000,1.000,0.000,0.000,1.000,0.000,0.000,0,0
34,2,2,0,0,0,1.000,1.000,0.000,0.637,1.000,0.000,0.637,0,0
35,1,0,1,0,0,0.000,1.000,0.000,0.000,0.000,1.055,1.055,0,0
36,1,0,1,0,0,0.000,1.000,0.000,0.000,0.000,0.637,0.637,0,0
37,2,2,0,0,0,1.000,1.000,0.000,0.410,1.000,0.000,0.410,0,0
38,2,2,0,0,0,1.000,1.000,0.000,0.377,1.000,0.000,0.377,0,0
39,1,0,1,0,0,0.000,1.000,0.000,0.000,0.000,0.637,0.637,0,0
40,1,0,1,0,0,0.000,1.000,0.000,0.000,0.000,0.474,0.474,0,0
41,1,0,1,0,0,0.000,1.000,0.000,0.000,0.000,0.410,0.410,0,0
42,1,0,1,0,0,0.000,1.000,0.000,0.000,0.000,0.900,0.900,0,0
43,1,1,0,0,0,1.000,1.000,0.000,0.000,1.000,0.000,0.000,0,0
44,1,1,0,0,0,1.000,1.000,0.000,0.000,1.000,0.000,0.000,0,0
45,2,2,0,0,0,1.000,1.000,0.000,0.287,1.000,0.000,0.287,0,0
46,1,0,1,0,0,0.000,1.000,0.000,0.000,0.000,0.566,0.566,0,0
47,1,0,1,0,0,0.000,1.000,0.000,0.000,0.000,0.451,0.451,0,0
48,1,1,0,0,0,1.000,1.000,0.000,0.000,1.000,0.000,0.000,0,0
49,1,1,0,0,0,1.000,1.000,0.000,0.000,1.000,0.000,0.000,0,0
50,0,0,0,0,0,1.000,1.000,0.000,0.000,1.000,0.000,0.000,0,0
51,1,1,0,0,0,1.000,1.000,0.000,0.000,1.000,0.000,0.000,0,0
52,0,0,0,0,0,1.000,1.000,0.000,0.000,1.000,0.000,0.000,0,0
53,0,0,0,0,0,1.000,1.000,0.000,0.000,1.000,0.000,0.000,0,0
54,0,0,0,0,0,1.000,1.000,0.000,0.000,1.000,0.000,0.000,0,0
55,0,0,0,0,0,1.000,1.000,0.000,0.000,1.000,0.000,0.000,0,0
56,0,0,0,0,0,1.000,1.000,0.000,0.000,1.000,0.000,0.000,0,0
57,1,1,0,0,0,1.000,1.000,0.000,0.000,1.000,0.000,0.000,0,0
58,1,1,0,0,0,1.000,1.000,0.000,0.000,1.000,0.000,0.000,0,0
59,0,0,0,0,0,1.000,1.000,0.000,0.000,1.000,0.000,0.000,0,0
60,0,0,0,0,0,1.000,1.000,0.000,0.000,1.000,0.000,0.000,0,0
61,0,0,0,0,0,1.000,1.000,0.000,0.000,1.000,0.000,0.000,0,0
62,0,0,0,0,0,1.000,1.000,0.000,0.000,1.000,0.000,0.000,0,0
63,0,0,0,0,0,1.000,1.000,0.000,0.000,1.000,0.000,0.000,0,0
64,0,0,0,0,0,1.000,1.000,0.000,0.000,1.000,0.000,0.000,0,0
65,0,0,0,0,0,1.000,1.000,0.000,0.000,1.000,0.000,0.000,0,0
66,0,0,0,0,0,1.000,1.000,0.000,0.000,1.000,0.000,0.000,0,0
67,0,0,0,0,0,1.000,1.000,0.000,0.000,1.000,0.000,0.000,0,0
68,0,0,0,0,0,1.000,1.000,0.000,0.000,1.000,0.000,0.000,0,0
69,0,0,0,0,0,1.000,1.000,0.000,0.000,1.000,0.000,0.000,0,0
70,1,1,0,0,0,1.000,1.000,0.000,0.000,1.000,0.000,0.000,0,0
71,1,1,0,0,0,1.000,1.000,0.000,0.000,1.000,0.000,0.000,0,0
72,0,0,0,0,0,1.000,1.000,0.000,0.000,1.000,0.000,0.000,0,0
73,0,0,0,0,0,1.000,1.000,0.000,0.000,1.000,0.000,0.000,0,0
74,0,0,0,0,0,1.000,1.000,0.000,0.000,1.000,0.000,0.000,0,0
75,0,0,0,0,0,1.000,1.000,0.000,0.000,1.000,0.000,0.000,0,0
76,1,1,0,0,0,1.000,1.000,0.000,0.000,1.000,0.000,0.000,0,0
77,1,1,0,0,0,1.000,1.000,0.000,0.000,1.000,0.000,0.000,0,0
78,0,0,0,0,0,1.000,1.000,0.000,0.000,1.000,0.000,0.000,0,0
79,0,0,0,0,0,1.000,1.000,0.000,0.000,1.000,0.000,0.000,0,0
80,0,0,0,0,0,1.000,1.000,0.000,0.000,1.000,0.000,0.000,0,0
81,1,1,0,0,0,1.000,1.000,0.000,0.000,1.000,0.000,0.000,0,0
82,2,2,0,0,0,1.000,1.000,0.000,0.693,1.000,0.000,0.693,0,0
83,0,0,0,0,0,1.000,1.000,0.000,0.000,1.000,0.000,0.000,0,0
84,1,1,0,0,0,1.000,1.000,0.000,0.000,1.000,0.000,0.000,0,0
85,1,1,0,0,0,1.000,1.000,0.000,0.000,1.000,0.000,0.000,0,0
86,1,1,0,0,0,1.000,1.000,0.000,0.000,1.000,0.000,0.000,0,0
87,1,1,0,0,0,1.000,1.000,0.000,0.000,1.000,0.000,0.000,0,0
88,0,0,0,0,0,1.000,1.000,0.000,0.000,1.000,0.000,0.000,0,0
89,1,1,0,0,0,1.000,1.000,0.000,0.000,1.000,0.000,0.000,0,0
90,0,0,0,0,0,1.000,1.000,0.000,0.000,1.000,0.000,0.000,0,0
91,0,0,0,0,0,1.000,1.000,0.000,0.000,1.000,0.000,0.000,0,0
92,0,0,0,0,0,1.000,1.000,0.000,0.000,1.000,0.000,0.000,0,0
93,0,0,0,0,0,1.000,1.000,0.000,0.000,1.000,0.000,0.000,0,0
94,0,0,0,0,0,1.000,1.000,0.000,0.000,1.000,0.000,0.000,0,0
95,1,1,0,0,0,1.000,1.000,0.000,0.000,1.000,0.000,0.000,0,0
96,0,0,0,0,0,1.000,1.000,0.000,0.000,1.000,0.000,0.000,0,0
97,0,0,0,0,0,1.000,1.000,0.000,0.000,1.000,0.000,0.000,0,0
98,1,1,0,0,0,1.000,1.000,0.000,0.000,1.000,0.000,0.000,0,0
99,1,1,0,0,0,1.000,1.000,0.000,0.000,1.000,0.000,0.000,0,0
100,0,0,0,0,0,1.000,1.000,0.000,0.000,1.000,0.000,0.000,0,0
101,0,0,0,0,0,1.000,1.000,0.000,0.000,1.000,0.000,0.000,0,0
102,0,0,0,0,0,1.000,1.000,0.000,0.000,1.000,0.000,0.000,0,0
103,0,0,0,0,0,1.000,1.000,0.000,0.000,1.000,0.000,0.000,0,0
104,0,0,0,0,0,1.000,1.000,0.000,0.000,1.000,0.000,0.000,0,0
105,1,1,0,0,0,1.000,1.000,0.000,0.000,1.000,0.000,0.000,0,0
106,1,1,0,0,0,1.000,1.000,0.000,0.000,1.000,0.000,0.000,0,0
107,1,1,0,0,0,1.000,1.000,0.000,0.000,1.000,0.000,0.000,0,0
108,1,0,1,0,0,0.000,1.000,0.000,0.000,0.000,0.637,0.637,0,0
109,1,1,0,0,0,1.000,1.000,0.000,0.000,1.000,0.000,0.000,0,0
110,1,1,0,0,0,1.000,1.000,0.000,0.000,1.000,0.000,0.000,0,0
111,1,1,0,0,0,1.000,1.000,0.000,0.000,1.000,0.000,0.000,0,0
112,0,0,0,0,0,1.000,1.000,0.000,0.000,1.000,0.000,0.000,0,0
113,0,0,0,0,0,1.000,1.000,0.000,0.000,1.000,0.000,0.000,0,0
114,1,1,0,0,0,1.000,1.000,0.000,0.000,1.000,0.000,0.000,0,0
115,1,1,0,0,0,1.000,1.000,0.000,0.000,1.000,0.000,0.000,0,0
116,2,2,0,0,0,1.000,1.000,0.000,0.693,1.000,0.000,0.693,0,0
117,2,2,0,0,0,1.000,1.000,0.000,0.693,1.000,0.000,0.693,0,0
118,2,2,0,0,0,1.000,1.000,0.000,0.693,1.000,0.000,0.693,0,0
119,1,1,0,0,0,1.000,1.000,0.000,0.000,1.000,0.000,0.000,0,0
120,1,1,0,0,0,1.000,1.000,0.000,0.000,1.000,0.000,0.000,0,0
121,0,0,0,0,0,1.000,1.000,0.000,0.000,1.000,0.000,0.000,0,0
122,0,0,0,0,0,1.000,1.000,0.000,0.000,1.000,0.000,0.000,0,0
123,1,1,0,0,0,1.000,1.000,0.000,0.000,1.000,0.000,0.000,0,0
124,1,1,0,0,0,1.000,1.000,0.000,0.000,1.000,0.000,0.000,0,0
125,1,1,0,0,0,1.000,1.000,0.000,0.000,1.000,0.000,0.000,0,0
126,0,0,0,0,0,1.000,1.000,0.000,0.000,1.000,0.000,0.000,0,0
127,0,0,0,0,0,1.000,1.000,0.000,0.000,1.000,0.000,0.000,0,0
128,1,1,0,0,0,1.000,1.000,0.000,0.000,1.000,0.000,0.000,0,0
129,1,1,0,0,0,1.000,1.000,0.000,0.000,1.000,0.000,0.000,0,0
130,1,1,0,0,0,1.000,1.000,0.000,0.000,1.000,0.000,0.000,0,0
131,2,2,0,0,0,1.000,1.000,0.000,0.637,1.000,0.000,0.637,0,0
132,3,3,0,0,0,1.000,1.000,0.000,1.099,1.000,0.000,1.099,0,0
133,1,1,0,0,0,1.000,1.000,0.000,0.000,1.000,0.000,0.000,0,0
134,3,3,0,0,0,1.000,1.000,0.000,1.099,1.000,0.000,1.099,0,0
135,2,2,0,0,0,1.000,1.000,0.000,0.693,1.000,0.000,0.693,0,0
136,1,1,0,0,0,1.000,1.000,0.000,0.000,1.000,0.000,0.000,0,0
137,2,2,0,0,0,1.000,1.000,0.000,0.562,1.000,0.000,0.562,0,0
138,3,3,0,0,0,1.000,1.000,0.000,0.956,1.000,0.000,0.956,0,0
139,3,3,0,0,0,1.000,1.000,0.000,0.868,1.000,0.000,0.868,0,0
140,1,1,0,0,0,1.000,1.000,0.000,0.000,1.000,0.000,0.000,0,0
141,2,2,0,0,0,1.000,1.000,0.000,0.637,1.000,0.000,0.637,0,0
142,1,1,0,0,0,1.000,1.000,0.000,0.000,1.000,0.000,0.000,0,0
143,1,1,0,0,0,1.000,1.000,0.000,0.000,1.000,0.000,0.000,0,0
144,1,1,0,0,0,1.000,1.000,0.000,0.000,1.000,0.000,0.000,0,0
145,3,3,0,0,0,1.000,1.000,0.000,1.099,1.000,0.000,1.099,0,0
146,2,2,0,0,0,1.000,1.000,0.000,0.693,1.000,0.000,0.693,0,0
147,2,2,0,0,0,1.000,1.000,0.000,0.637,1.000,0.000,0.637,0,0
148,0,0,0,0,0,1.000,1.000,0.000,0.000,1.000,0.000,0.000,0,0
149,0,0,0,0,0,1.000,1.000,0.000,0.000,1.000,0.000,0.000,0,0
150,1,1,0,0,0,1.000,1.000,0.000,0.000,1.000,0.000,0.000,0,0
151,1,1,0,0,0,1.000,1.000,0.000,0.000,1.000,0.000,0.000,0,0
152,0,0,0,0,0,1.000,1.000,0.000,0.000,1.000,0.000,0.000,0,0
153,0,0,0,0,0,1.000,1.000,0.000,0.000,1.000,0.000,0.000,0,0
154,0,0,0,0,0,1.000,1.000,0.000,0.000,1.000,0.000,0.000,0,0
155,0,0,0,0,0,1.000,1.000,0.000,0.000,1.000,0.000,0.000,0,0
156,0,0,0,0,0,1.000,1.000,0.000,0.000,1.000,0.000,0.000,0,0
157,0,0,0,0,0,1.000,1.000,0.000,0.000,1.000,0.000,0.000,0,0
158,1,1,0,0,0,1.000,1.000,0.000,0.000,1.000,0.000,0.000,0,0
159,1,1,0,0,0,1.000,1.000,0.000,0.000,1.000,0.000,0.000,0,0
160,0,0,0,0,0,1.000,1.000,0.000,0.000,1.000,0.000,0.000,0,0
161,0,0,0,0,0,1.000,1.000,0.000,0.000,1.000,0.000,0.000,0,0
162,1,1,0,0,0,1.000,1.000,0.000,0.000,1.000,0.000,0.000,0,0
163,1,1,0,0,0,1.000,1.000,0.000,0.000,1.000,0.000,0.000,0,0
164,0,0,0,0,0,1.000,1.000,0.000,0.000,1.000,0.000,0.000,0,0
165,1,1,0,0,0,1.000,1.000,0.000,0.000,1.000,0.000,0.000,0,0
166,0,0,0,0,0,1.000,1.000,0.000,0.000,1.000,0.000,0.000,0,0
167,1,1,0,0,0,1.000,1.000,0.000,0.000,1.000,0.000,0.000,0,0
168,1,1,0,0,0,1.000,1.000,0.000,0.000,1.000,0.000,0.000,0,0
169,1,1,0,0,0,1.000,1.000,0.000,0.000,1.000,0.000,0.000,0,0
170,1,1,0,0,0,1.000,1.000,0.000,0.000,1.000,0.000,0.000,0,0
171,1,1,0,0,0,1.000,1.000,0.000,0.000,1.000,0.000,0.000,0,0
172,1,1,0,0,0,1.000,1.000,0.000,0.000,1.000,0.000,0.000,0,0
173,0,0,0,0,0,1.000,1.000,0.000,0.000,1.000,0.000,0.000,0,0
174,1,1,0,0,0,1.000,1.000,0.000,0.000,1.000,0.000,0.000,0,0
175,1,1,0,0,0,1.000,1.000,0.000,0.000,1.000,0.000,0.000,0,0
176,1,1,0,0,0,1.000,1.000,0.000,0.000,1.000,0.000,0.000,0,0
177,1,1,0,0,0,1.000,1.000,0.000,0.000,1.000,0.000,0.000,0,0
178,0,0,0,0,0,1.000,1.000,0.000,0.000,1.000,0.000,0.000,0,0
179,1,1,0,0,0,1.000,1.000,0.000,0.000,1.000,0.000,0.000,0,0
180,0,0,0,0,0,1.000,1.000,0.000,0.000,1.000,0.000,0.000,0,0
181,1,1,0,0,0,1.000,1.000,0.000,0.000,1.000,0.000,0.000,0,0
182,0,0,0,0,0,1.000,1.000,0.000,0.000,1.000,0.000,0.000,0,0
183,1,1,0,0,0,1.000,1.000,0.000,0.000,1.000,0.000,0.000,0,0
184,1,1,0,0,0,1.000,1.000,0.000,0.000,1.000,0.000,0.000,0,0
185,1,1,0,0,0,1.000,1.000,0.000,0.000,1.000,0.000,0.000,0,0
186,1,1,0,0,0,1.000,1.000,0.000,0.000,1.000,0.000,0.000,0,0
187,0,0,0,0,0,1.000,1.000,0.000,0.000,1.000,0.000,0.000,0,0
188,1,1,0,0,0,1.000,1.000,0.000,0.000,1.000,0.000,0.000,0,0
189,1,1,0,0,0,1.000,1.000,0.000,0.000,1.000,0.000,0.000,0,0
190,1,1,0,0,0,1.000,1.000,0.000,0.000,1.000,0.000,0.000,0,0
191,0,0,0,0,0,1.000,1.000,0.000,0.000,1.000,0.000,0.000,0,0
192,1,1,0,0,0,1.000,1.000,0.000,0.000,1.000,0.000,0.000,0,0
193,0,0,0,0,0,1.000,1.000,0.000,0.000,1.000,0.000,0.000,0,0
194,1,1,0,0,0,1.000,1.000,0.000,0.000,1.000,0.000,0.000,0,0
195,1,1,0,0,0,1.000,1.000,0.000,0.000,1.000,0.000,0.000,0,0
196,1,1,0,0,0,1.000,1.000,0.000,0.000,1.000,0.000,0.000,0,0
197,1,1,0,0,0,1.000,1.000,0.000,0.000,1.000,0.000,0.000,0,0
198,1,1,0,0,0,1.000,1.000,0.000,0.000,1.000,0.000,0.000,0,0
199,1,1,0,0,0,1.000,1.000,0.000,0.000,1.000,0.000,0.000,0,0
200,1,0,1,0,0,0.000,1.000,0.000,0.000,0.000,0.693,0.693,0,0
201,1,1,0,0,0,1.000,1.000,0.000,0.000,1.000,0.000,0.000,0,0
202,1,1,0,0,0,1.000,1.000,0.000,0.000,1.000,0.000,0.000,0,0
203,1,1,0,0,0,1.000,1.000,0.000,0.000,1.000,0.000,0.000,0,0
204,1,1,0,0,0,1.000,1.000,0.000,0.000,1.000,0.000,0.000,0,0
205,1,1,0,0,0,1.000,1.000,0.000,0.000,1.000,0.000,0.000,0,0
206,1,1,0,0,0,1.000,1.000,0.000,0.000,1.000,0.000,0.000,0,0
207,1,1,0,0,0,1.000,1.000,0.000,0.000,1.000,0.000,0.000,0,0
208,1,1,0,0,0,1.000,1.000,0.000,0.000,1.000,0.000,0.000,0,0
209,0,0,0,0,0,1.000,1.000,0.000,0.000,1.000,0.000,0.000,0,0
210,0,0,0,0,0,1.000,1.000,0.000,0.000,1.000,0.000,0.000,0,0
211,0,0,0,0,0,1.000,1.000,0.000,0.000,1.000,0.000,0.000,0,0
212,0,0,0,0,0,1.000,1.000,0.000,0.000,1.000,0.000,0.000,0,0
213,0,0,0,0,0,1.000,1.000,0.000,0.000,1.000,0.000,0.000,0,0
214,0,0,0,0,0,1.000,1.000,0.000,0.000,1.000,0.000,0.000,0,0
215,0,0,0,0,0,1.000,1.000,0.000,0.000,1.000,0.000,0.000,0,0
216,0,0,0,0,0,1.000,1.000,0.000,0.000,1.000,0.000,0.000,0,0
217,0,0,0,0,0,1.000,1.000,0.000,0.000,1.000,0.000,0.000,0,0
218,0,0,0,0,0,1.000,1.000,0.000,0.000,1.000,0.000,0.000,0,0
219,0,0,0,0,0,1.000,1.000,0.000,0.000,1.000,0.000,0.000,0,0
220,0,0,0,0,0,1.000,1.000,0.000,0.000,1.000,0.000,0.000,0,0
221,0,0,0,0,0,1.000,1.000,0.000,0.000,1.000,0.000,0.000,0,0
222,0,0,0,0,0,1.000,1.000,0.000,0.000,1.000,0.000,0.000,0,0
223,0,0,0,0,0,1.000,1.000,0.000,0.000,1.000,0.000,0.000,0,0
224,0,0,0,0,0,1.000,1.000,0.000,0.000,1.000,0.000,0.000,0,0
225,0,0,0,0,0,1.000,1.000,0.000,0.000,1.000,0.000,0.000,0,0
226,0,0,0,0,0,1.000,1.000,0.000,0.000,1.000,0.000,0.000,0,0
227,0,0,0,0,0,1.000,1.000,0.000,0.000,1.000,0.000,0.000,0,0
228,0,0,0,0,0,1.000,1.000,0.000,0.000,1.000,0.000,0.000,0,0
229,0,0,0,0,0,1.000,1.000,0.000,0.000,1.000,0.000,0.000,0,0
230,0,0,0,0,0,1.000,1.000,0.000,0.000,1.000,0.000,0.000,0,0
231,0,0,0,0,0,1.000,1.000,0.000,0.000,1.000,0.000,0.000,0,0
232,0,0,0,0,0,1.000,1.000,0.000,0.000,1.000,0.000,0.000,0,0
233,0,0,0,0,0,1.000,1.000,0.000,0.000,1.000,0.000,0.000,0,0
234,0,0,0,0,0,1.000,1.000,0.000,0.000,1.000,0.000,0.000,0,0
235,0,0,0,0,0,1.000,1.000,0.000,0.000,1.000,0.000,0.000,0,0
236,0,0,0,0,0,1.000,1.000,0.000,0.000,1.000,0.000,0.000,0,0
237,0,0,0,0,0,1.000,1.000,0.000,0.000,1.000,0.000,0.000,0,0
238,0,0,0,0,0,1.000,1.000,0.000,0.000,1.000,0.000,0.000,0,0
239,0,0,0,0,0,1.000,1.000,0.000,0.000,1.000,0.000,0.000,0,0
240,0,0,0,0,0,1.000,1.000,0.000,0.000,1.000,0.000,0.000,0,0
241,0,0,0,0,0,1.000,1.000,0.000,0.000,1.000,0.000,0.000,0,0
242,0,0,0,0,0,1.000,1.000,0.000,0.000,1.000,0.000,0.000,0,0
243,0,0,0,0,0,1.000,1.000,0.000,0.000,1.000,0.000,0.000,0,0
244,0,0,0,0,0,1.000,1.000,0.000,0.000,1.000,0.000,0.000,0,0
245,0,0,0,0,0,1.000,1.000,0.000,0.000,1.000,0.000,0.000,0,0
246,0,0,0,0,0,1.000,1.000,0.000,0.000,1.000,0.000,0.000,0,0
247,0,0,0,0,0,1.000,1.000,0.000,0.000,1.000,0.000,0.000,0,0
248,0,0,0,0,0,1.000,1.000,0.000,0.000,1.000,0.000,0.000,0,0
249,0,0,0,0,0,1.000,1.000,0.000,0.000,1.000,0.000,0.000,0,0
250,0,0,0,0,0,1.000,1.000,0.000,0.000,1.000,0.000,0.000,0,0
251,0,0,0,0,0,1.000,1.000,0.000,0.000,1.000,0.000,0.000,0,0
252,0,0,0,0,0,1.000,1.000,0.000,0.000,1.000,0.000,0.000,0,0
253,0,0,0,0,0,1.000,1.000,0.000,0.000,1.000,0.000,0.000,0,0
254,0,0,0,0,0,1.000,1.000,0.000,0.000,1.000,0.000,0.000,0,0
255,0,0,0,0,0,1.000,1.000,0.000,0.000,1.000,0.000,0.000,0,0
256,0,0,0,0,0,1.000,1.000,0.000,0.000,1.000,0.000,0.000,0,0
257,0,0,0,0,0,1.000,1.000,0.000,0.000,1.000,0.000,0.000,0,0
258,0,0,0,0,0,1.000,1.000,0.000,0.000,1.000,0.000,0.000,0,0
259,0,0,0,0,0,1.000,1.000,0.000,0.000,1.000,0.000,0.000,0,0
260,0,0,0,0,0,1.000,1.000,0.000,0.000,1.000,0.000,0.000,0,0
261,1,1,0,0,0,1.000,1.000,0.000,0.000,1.000,0.000,0.000,0,0
262,0,0,0,0,0,1.000,1.000,0.000,0.000,1.000,0.000,0.000,0,0
263,1,1,0,0,0,1.000,1.000,0.000,0.000,1.000,0.000,0.000,0,0
264,1,1,0,0,0,1.000,1.000,0.000,0.000,1.000,0.000,0.000,0,0
265,1,1,0,0,0,1.000,1.000,0.000,0.000,1.000,0.000,0.000,0,0
266,1,0,1,0,0,0.000,1.000,0.000,0.000,0.000,0.693,0.693,0,0
267,1,0,1,0,0,0.000,1.000,0.000,0.000,0.000,0.637,0.637,0,0
268,1,1,0,0,0,1.000,1.000,0.000,0.000,1.000,0.000,0.000,0,0
269,1,0,1,0,0,0.000,1.000,0.000,0.000,0.000,0.673,0.673,0,0
270,1,0,1,0,0,0.000,1.000,0.000,0.000,0.000,0.637,0.637,0,0
271,1,1,0,0,0,1.000,1.000,0.000,0.000,1.000,0.000,0.000,0,0
272,1,1,0,0,0,1.000,1.000,0.000,0.000,1.000,0.000,0.000,0,0
273,1,1,0,0,0,1.000,1.000,0.000,0.000,1.000,0.000,0.000,0,0
274,1,1,0,0,0,1.000,1.000,0.000,0.000,1.000,0.000,0.000,0,0
275,1,1,0,0,0,1.000,1.000,0.000,0.000,1.000,0.000,0.000,0,0
276,1,1,0,0,0,1.000,1.000,0.000,0.000,1.000,0.000,0.000,0,0
277,1,1,0,0,0,1.000,1.000,0.000,0.000,1.000,0.000,0.000,0,0
278,1,0,1,0,0,0.000,1.000,0.000,0.000,0.000,0.562,0.562,0,0
279,1,1,0,0,0,1.000,1.000,0.000,0.000,1.000,0.000,0.000,0,0
280,1,1,0,0,0,1.000,1.000,0.000,0.000,1.000,0.000,0.000,0,0
281,1,1,0,0,0,1.000,1.000,0.000,0.000,1.000,0.000,0.000,0,0
282,1,0,1,0,0,0.000,1.000,0.000,0.000,0.000,0.562,0.562,0,0
283,1,0,1,0,0,0.000,1.000,0.000,0.000,0.000,0.693,0.693,0,0
284,1,0,1,0,0,0.000,1.000,0.000,0.000,0.000,0.673,0.673,0,0
285,1,0,1,0,0,0.000,1.000,0.000,0.000,0.000,0.673,0.673,0,0
286,1,0,1,0,0,0.000,1.000,0.000,0.000,0.000,0.693,0.693,0,0
287,1,0,1,0,0,0.000,1.000,0.000,0.000,0.000,0.693,0.693,0,0
288,1,0,1,0,0,0.000,1.000,0.000,0.000,0.000,0.637,0.637,0,0
289,2,1,1,0,0,0.546,1.000,0.000,0.500,0.376,0.832,1.332,0,0
290,2,1,1,0,0,0.546,1.000,0.000,0.500,0.376,0.832,1.332,0,0
291,2,1,1,0,0,0.616,1.000,0.000,0.451,0.445,0.561,1.011,0,0
292,2,1,1,0,0,0.734,1.000,0.000,0.637,0.579,0.462,1.099,0,0
293,2,1,1,0,0,0.702,1.000,0.000,0.562,0.541,0.477,1.040,0,0
294,2,1,1,0,0,0.643,1.000,0.000,0.500,0.474,0.555,1.055,0,0
295,2,1,1,0,0,0.734,1.000,0.000,0.637,0.579,0.462,1.099,0,0
296,2,2,0,0,0,1.000,1.000,0.000,0.637,1.000,0.000,0.637,0,0
297,1,0,1,0,0,0.000,1.000,0.000,0.000,0.000,0.693,0.693,0,0
298,2,1,1,0,0,0.546,1.000,0.000,0.500,0.376,0.832,1.332,0,0
299,2,1,1,0,0,0.779,1.000,0.000,0.673,0.638,0.382,1.055,0,0
300,2,1,1,0,0,0.702,1.000,0.000,0.562,0.541,0.477,1.040,0,0
301,2,1,1,0,0,0.506,1.000,0.000,0.451,0.339,0.879,1.330,0,0
302,2,1,1,0,0,0.734,1.000,0.000,0.637,0.579,0.462,1.099,0,0
303,2,1,1,0,0,0.734,1.000,0.000,0.637,0.579,0.462,1.099,0,0
304,2,0,2,0,0,0.667,1.000,0.000,0.693,0.500,0.693,1.386,0,0
305,2,1,1,0,0,0.800,1.000,0.000,0.693,0.667,0.347,1.040,0,0
306,2,1,1,0,0,0.779,1.000,0.000,0.673,0.638,0.382,1.055,0,0
307,2,1,1,0,0,0.734,1.000,0.000,0.637,0.579,0.462,1.099,0,0
308,2,1,1,0,0,0.779,1.000,0.000,0.673,0.638,0.382,1.055,0,0
309,2,2,0,0,0,1.000,1.000,0.000,0.693,1.000,0.000,0.693,0,0
310,2,1,1,0,0,0.813,1.000,0.000,0.693,0.685,0.318,1.011,0,0
311,2,1,1,0,0,0.813,1.000,0.000,0.693,0.685,0.318,1.011,0,0
312,2,2,0,0,0,1.000,1.000,0.000,0.673,1.000,0.000,0.673,0,0
313,2,2,0,0,0,1.000,1.000,0.000,0.637,1.000,0.000,0.637,0,0
314,2,2,0,0,0,1.000,1.000,0.000,0.637,1.000,0.000,0.637,0,0
315,2,2,0,0,0,1.000,1.000,0.000,0.673,1.000,0.000,0.673,0,0
316,2,2,0,0,0,1.000,1.000,0.000,0.637,1.000,0.000,0.637,0,0
317,2,2,0,0,0,1.000,1.000,0.000,0.562,1.000,0.000,0.562,0,0
318,2,2,0,0,0,1.000,1.000,0.000,0.562,1.000,0.000,0.562,0,0
319,2,2,0,0,0,1.000,1.000,0.000,0.562,1.000,0.000,0.562,0,0
320,2,2,0,0,0,1.000,1.000,0.000,0.562,1.000,0.000,0.562,0,0
321,1,1,0,0,0,1.000,1.000,0.000,0.000,1.000,0.000,0.000,0,0
322,1,1,0,0,0,1.000,1.000,0.000,0.000,1.000,0.000,0.000,0,0
323,1,0,1,0,0,0.000,1.000,0.000,0.000,0.000,0.673,0.673,0,0
324,1,1,0,0,0,1.000,1.000,0.000,0.000,1.000,0.000,0.000,0,0
325,2,1,1,0,0,0.546,1.000,0.000,0.500,0.376,0.832,1.332,0,0
326,1,1,0,0,0,1.000,1.000,0.000,0.000,1.000,0.000,0.000,0,0
327,1,0,1,0,0,0.000,1.000,0.000,0.000,0.000,0.637,0.637,0,0
328,2,1,1,0,0,0.643,1.000,0.000,0.500,0.474,0.555,1.055,0,0
329,1,1,0,0,0,1.000,1.000,0.000,0.000,1.000,0.000,0.000,0,0
330,1,0,1,0,0,0.000,1.000,0.000,0.000,0.000,0.693,0.693,0,0
331,1,0,1,0,0,0.000,1.000,0.000,0.000,0.000,0.693,0.693,0,0
332,2,2,0,0,0,1.000,1.000,0.000,0.637,1.000,0.000,0.637,0,0
333,1,0,1,0,0,0.000,1.000,0.000,0.000,0.000,0.693,0.693,0,0
334,1,1,0,0,0,1.000,1.000,0.000,0.000,1.000,0.000,0.000,0,0
335,1,1,0,0,0,1.000,1.000,0.000,0.000,1.000,0.000,0.000,0,0
336,1,0,1,0,0,0.000,1.000,0.000,0.000,0.000,0.693,0.693,0,0
337,1,1,0,0,0,1.000,1.000,0.000,0.000,1.000,0.000,0.000,0,0
338,1,1,0,0,0,1.000,1.000,0.000,0.000,1.000,0.000,0.000,0,0
339,2,2,0,0,0,1.000,1.000,0.000,0.562,1.000,0.000,0.562,0,0
340,2,1,1,0,0,0.813,1.000,0.000,0.693,0.685,0.318,1.011,0,0
341,2,1,1,0,0,0.857,1.000,0.000,0.637,0.750,0.212,0.849,0,0
342,2,1,1,0,0,0.813,1.000,0.000,0.693,0.685,0.318,1.011,0,0
343,2,0,2,0,0,0.671,1.000,0.000,0.673,0.505,0.659,1.332,0,0
344,3,2,1,0,0,0.742,1.000,0.000,0.802,0.590,0.557,1.359,0,0
345,3,1,2,0,0,0.716,1.000,0.000,0.898,0.558,0.711,1.609,0,0
346,2,1,1,0,0,0.688,1.000,0.000,0.520,0.524,0.472,0.991,0,0
347,2,1,1,0,0,0.739,1.000,0.000,0.562,0.586,0.397,0.960,0,0
348,2,0,2,0,0,0.583,1.000,0.000,0.429,0.411,0.614,1.044,0,0
349,2,1,1,0,0,0.409,1.000,0.000,0.245,0.257,0.708,0.953,0,0
350,1,0,1,0,0,0.000,1.000,0.000,0.000,0.000,0.234,0.234,0,0
351,1,0,1,0,0,0.000,1.000,0.000,0.000,0.000,0.305,0.305,0,0
352,2,2,0,0,0,1.000,1.000,0.000,0.287,1.000,0.000,0.287,0,0
353,2,1,1,0,0,0.524,1.000,0.000,0.410,0.355,0.744,1.154,0,0
354,2,2,0,0,0,1.000,1.000,0.000,0.500,1.000,0.000,0.500,0,0
355,2,2,0,0,0,1.000,1.000,0.000,0.693,1.000,0.000,0.693,0,0
356,1,1,0,0,0,1.000,1.000,0.000,0.000,1.000,0.000,0.000,0,0
357,1,1,0,0,0,1.000,1.000,0.000,0.000,1.000,0.000,0.000,0,0
358,1,1,0,0,0,1.000,1.000,0.000,0.000,1.000,0.000,0.000,0,0
359,0,0,0,0,0,1.000,1.000,0.000,0.000,1.000,0.000,0.000,0,0
360,1,1,0,0,0,1.000,1.000,0.000,0.000,1.000,0.000,0.000,0,0
361,0,0,0,0,0,1.000,1.000,0.000,0.000,1.000,0.000,0.000,0,0
362,1,1,0,0,0,1.000,1.000,0.000,0.000,1.000,0.000,0.000,0,0
363,0,0,0,0,0,1.000,1.000,0.000,0.000,1.000,0.000,0.000,0,0
364,0,0,0,0,0,1.000,1.000,0.000,0.000,1.000,0.000,0.000,0,0
365,0,0,0,0,0,1.000,1.000,0.000,0.000,1.000,0.000,0.000,0,0
366,0,0,0,0,0,1.000,1.000,0.000,0.000,1.000,0.000,0.000,0,0
367,0,0,0,0,0,1.000,1.000,0.000,0.000,1.000,0.000,0.000,0,0
368,0,0,0,0,0,1.000,1.000,0.000,0.000,1.000,0.000,0.000,0,0
369,0,0,0,0,0,1.000,1.000,0.000,0.000,1.000,0.000,0.000,0,0
370,1,1,0,0,0,1.000,1.000,0.000,0.000,1.000,0.000,0.000,0,0
371,1,0,1,0,0,0.000,1.000,0.000,0.000,0.000,0.637,0.637,0,0
372,1,0,1,0,0,0.000,1.000,0.000,0.000,0.000,0.562,0.562,0,0
373,2,2,0,0,0,1.000,1.000,0.000,0.410,1.000,0.000,0.410,0,0
374,1,0,1,0,0,0.000,1.000,0.000,0.000,0.000,0.500,0.500,0,0
375,1,0,1,0,0,0.000,1.000,0.000,0.000,0.000,0.271,0.271,0,0
376,1,0,1,0,0,0.000,1.000,0.000,0.000,0.000,0.325,0.325,0,0
377,1,1,0,0,0,1.000,1.000,0.000,0.000,1.000,0.000,0.000,0,0
378,1,0,1,0,0,0.000,1.000,0.000,0.000,0.000,0.325,0.325,0,0
379,2,2,0,0,0,1.000,1.000,0.000,0.287,1.000,0.000,0.287,0,0
380,2,2,0,0,0,1.000,1.000,0.000,0.257,1.000,0.000,0.257,0,0
381,1,1,0,0,0,1.000,1.000,0.000,0.000,1.000,0.000,0.000,0,0
382,2,1,1,0,0,0.674,1.000,0.000,0.325,0.509,0.314,0.639,0,0
383,2,2,0,0,0,1.000,1.000,0.000,0.325,1.000,0.000,0.325,0,0
384,2,2,0,0,0,1.000,1.000,0.000,0.410,1.000,0.000,0.410,0,0
385,1,1,0,0,0,1.000,1.000,0.000,0.000,1.000,0.000,0.000,0,0
386,0,0,0,0,0,1.000,1.000,0.000,0.000,1.000,0.000,0.000,0,0
387,0,0,0,0,0,1.000,1.000,0.000,0.000,1.000,0.000,0.000,0,0
388,0,0,0,0,0,1.000,1.000,0.000,0.000,1.000,0.000,0.000,0,0
389,0,0,0,0,0,1.000,1.000,0.000,0.000,1.000,0.000,0.000,0,0
390,0,0,0,0,0,1.000,1.000,0.000,0.000,1.000,0.000,0.000,0,0
391,0,0,0,0,0,1.000,1.000,0.000,0.000,1.000,0.000,0.000,0,0
392,0,0,0,0,0,1.000,1.000,0.000,0.000,1.000,0.000,0.000,0,0
393,0,0,0,0,0,1.000,1.000,0.000,0.000,1.000,0.000,0.000,0,0
394,0,0,0,0,0,1.000,1.000,0.000,0.000,1.000,0.000,0.000,0,0
395,1,0,1,0,0,0.000,1.000,0.000,0.000,0.000,0.637,0.637,0,0
396,1,1,0,0,0,1.000,1.000,0.000,0.000,1.000,0.000,0.000,0,0
397,1,0,1,0,0,0.000,1.000,0.000,0.000,0.000,1.099,1.099,0,0
398,1,0,1,0,0,0.000,1.000,0.000,0.000,0.000,0.637,0.637,0,0
399,1,1,0,0,0,1.000,1.000,0.000,0.000,1.000,0.000,0.000,0,0
400,1,0,1,0,0,0.000,1.000,0.000,0.000,0.000,0.637,0.637,0,0
401,1,1,0,0,0,1.000,1.000,0.000,0.000,1.000,0.000,0.000,0,0
402,0,0,0,0,0,1.000,1.000,0.000,0.000,1.000,0.000,0.000,0,0
403,0,0,0,0,0,1.000,1.000,0.000,0.000,1.000,0.000,0.000,0,0
404,0,0,0,0,0,1.000,1.000,0.000,0.000,1.000,0.000,0.000,0,0
405,1,0,1,0,0,0.000,1.000,0.000,0.000,0.000,0.693,0.693,0,0
406,2,1,1,0,0,0.734,1.000,0.000,0.637,0.579,0.462,1.099,0,0
407,2,2,0,0,0,1.000,1.000,0.000,0.693,1.000,0.000,0.693,0,0
408,2,1,1,0,0,0.702,1.000,0.000,0.562,0.541,0.477,1.040,0,0
409,2,2,0,0,0,1.000,1.000,0.000,0.637,1.000,0.000,0.637,0,0
410,2,1,1,0,0,0.513,1.000,0.000,0.325,0.345,0.618,0.943,0,0
411,2,1,1,0,0,0.546,1.000,0.000,0.451,0.376,0.748,1.199,0,0
412,2,1,1,0,0,0.727,1.000,0.000,0.562,0.571,0.422,0.984,0,0
413,2,1,1,0,0,0.629,1.000,0.000,0.474,0.459,0.559,1.034,0,0
414,2,2,0,0,0,1.000,1.000,0.000,0.451,1.000,0.000,0.451,0,0
415,2,2,0,0,0,1.000,1.000,0.000,0.562,1.000,0.000,0.562,0,0
416,2,1,1,0,0,0.770,1.000,0.000,0.377,0.626,0.225,0.602,0,0
417,2,1,1,0,0,0.471,1.000,0.000,0.423,0.308,0.951,1.373,0,0
418,2,1,1,0,0,0.558,1.000,0.000,0.466,0.387,0.737,1.203,0,0
419,2,1,1,0,0,0.381,1.000,0.000,0.314,0.235,1.021,1.336,0,0
420,2,1,1,0,0,0.525,1.000,0.000,0.429,0.356,0.775,1.205,0,0
421,2,1,1,0,0,0.498,1.000,0.000,0.451,0.332,0.907,1.358,0,0
422,2,2,0,0,0,1.000,1.000,0.000,0.429,1.000,0.000,0.429,0,0
423,2,2,0,0,0,1.000,1.000,0.000,0.287,1.000,0.000,0.287,0,0
424,2,2,0,0,0,1.000,1.000,0.000,0.224,1.000,0.000,0.224,0,0
425,2,2,0,0,0,1.000,1.000,0.000,0.224,1.000,0.000,0.224,0,0
426,2,1,1,0,0,0.432,1.000,0.000,0.150,0.275,0.395,0.545,0,0
427,1,0,1,0,0,0.000,1.000,0.000,0.000,0.000,0.440,0.440,0,0
428,2,2,0,0,0,1.000,1.000,0.000,0.150,1.000,0.000,0.150,0,0
429,1,0,1,0,0,0.000,1.000,0.000,0.000,0.000,0.173,0.173,0,0
430,1,0,1,0,0,0.000,1.000,0.000,0.000,0.000,0.173,0.173,0,0
431,1,1,0,0,0,1.000,1.000,0.000,0.000,1.000,0.000,0.000,0,0
432,2,2,0,0,0,1.000,1.000,0.000,0.158,1.000,0.000,0.158,0,0
433,2,1,1,0,0,0.548,1.000,0.000,0.154,0.377,0.255,0.409,0,0
434,2,2,0,0,0,1.000,1.000,0.000,0.179,1.000,0.000,0.179,0,0
435,2,2,0,0,0,1.000,1.000,0.000,0.440,1.000,0.000,0.440,0,0
436,2,2,0,0,0,1.000,1.000,0.000,0.305,1.000,0.000,0.305,0,0
437,2,0,2,0,0,0.678,1.000,0.000,0.410,0.513,0.390,0.800,0,0
438,2,1,1,0,0,0.886,1.000,0.000,0.580,0.795,0.150,0.730,0,0
439,2,1,1,0,0,0.884,1.000,0.000,0.520,0.792,0.136,0.656,0,0
440,2,1,1,0,0,0.887,1.000,0.000,0.500,0.797,0.127,0.628,0,0
441,2,0,2,0,0,0.694,1.000,0.000,0.637,0.531,0.562,1.199,0,0
442,2,1,1,0,0,0.601,1.000,0.000,0.410,0.429,0.546,0.956,0,0
443,2,0,2,0,0,0.550,1.000,0.000,0.637,0.380,1.040,1.677,0,0
444,2,0,2,0,0,0.620,1.000,0.000,0.611,0.449,0.748,1.359,0,0
445,2,0,2,0,0,0.614,1.000,0.000,0.662,0.443,0.833,1.494,0,0
446,2,0,2,0,0,0.547,1.000,0.000,0.562,0.376,0.932,1.494,0,0
447,2,0,2,0,0,0.577,1.000,0.000,0.562,0.406,0.824,1.386,0,0
448,2,0,2,0,0,0.647,1.000,0.000,0.637,0.479,0.693,1.330,0,0
449,1,0,1,0,0,0.000,1.000,0.000,0.000,0.000,0.637,0.637,0,0
450,1,1,0,0,0,1.000,1.000,0.000,0.000,1.000,0.000,0.000,0,0
451,1,1,0,0,0,1.000,1.000,0.000,0.000,1.000,0.000,0.000,0,0
452,1,1,0,0,0,1.000,1.000,0.000,0.000,1.000,0.000,0.000,0,0
453,1,1,0,0,0,1.000,1.000,0.000,0.000,1.000,0.000,0.000,0,0
454,1,1,0,0,0,1.000,1.000,0.000,0.000,1.000,0.000,0.000,0,0
455,1,1,0,0,0,1.000,1.000,0.000,0.000,1.000,0.000,0.000,0,0
456,1,1,0,0,0,1.000,1.000,0.000,0.000,1.000,0.000,0.000,0,0
457,1,1,0,0,0,1.000,1.000,0.000,0.000,1.000,0.000,0.000,0,0
458,0,0,0,0,0,1.000,1.000,0.000,0.000,1.000,0.000,0.000,0,0
459,0,0,0,0,0,1.000,1.000,0.000,0.000,1.000,0.000,0.000,0,0
460,0,0,0,0,0,1.000,1.000,0.000,0.000,1.000,0.000,0.000,0,0
461,0,0,0,0,0,1.000,1.000,0.000,0.000,1.000,0.000,0.000,0,0
462,0,0,0,0,0,1.000,1.000,0.000,0.000,1.000,0.000,0.000,0,0
463,1,1,0,0,0,1.000,1.000,0.000,0.000,1.000,0.000,0.000,0,0
464,1,1,0,0,0,1.000,1.000,0.000,0.000,1.000,0.000,0.000,0,0
465,0,0,0,0,0,1.000,1.000,0.000,0.000,1.000,0.000,0.000,0,0
466,0,0,0,0,0,1.000,1.000,0.000,0.000,1.000,0.000,0.000,0,0
467,0,0,0,0,0,1.000,1.000,0.000,0.000,1.000,0.000,0.000,0,0
468,0,0,0,0,0,1.000,1.000,0.000,0.000,1.000,0.000,0.000,0,0
469,0,0,0,0,0,1.000,1.000,0.000,0.000,1.000,0.000,0.000,0,0
470,0,0,0,0,0,1.000,1.000,0.000,0.000,1.000,0.000,0.000,0,0
471,0,0,0,0,0,1.000,1.000,0.000,0.000,1.000,0.000,0.000,0,0
472,0,0,0,0,0,1.000,1.000,0.000,0.000,1.000,0.000,0.000,0,0
473,0,0,0,0,0,1.000,1.000,0.000,0.000,1.000,0.000,0.000,0,0
474,0,0,0,0,0,1.000,1.000,0.000,0.000,1.000,0.000,0.000,0,0
475,0,0,0,0,0,1.000,1.000,0.000,0.000,1.000,0.000,0.000,0,0
476,0,0,0,0,0,1.000,1.000,0.000,0.000,1.000,0.000,0.000,0,0
477,0,0,0,0,0,1.000,1.000,0.000,0.000,1.000,0.000,0.000,0,0
478,0,0,0,0,0,1.000,1.000,0.000,0.000,1.000,0.000,0.000,0,0
479,0,0,0,0,0,1.000,1.000,0.000,0.000,1.000,0.000,0.000,0,0
480,0,0,0,0,0,1.000,1.000,0.000,0.000,1.000,0.000,0.000,0,0
481,0,0,0,0,0,1.000,1.000,0.000,0.000,1.000,0.000,0.000,0,0
482,0,0,0,0,0,1.000,1.000,0.000,0.000,1.000,0.000,0.000,0,0
483,0,0,0,0,0,1.000,1.000,0.000,0.000,1.000,0.000,0.000,0,0
484,0,0,0,0,0,1.000,1.000,0.000,0.000,1.000,0.000,0.000,0,0
485,0,0,0,0,0,1.000,1.000,0.000,0.000,1.000,0.000,0.000,0,0
486,0,0,0,0,0,1.000,1.000,0.000,0.000,1.000,0.000,0.000,0,0
487,0,0,0,0,0,1.000,1.000,0.000,0.000,1.000,0.000,0.000,0,0
488,0,0,0,0,0,1.000,1.000,0.000,0.000,1.000,0.000,0.000,0,0
489,0,0,0,0,0,1.000,1.000,0.000,0.000,1.000,0.000,0.000,0,0
490,0,0,0,0,0,1.000,1.000,0.000,0.000,1.000,0.000,0.000,0,0
491,0,0,0,0,0,1.000,1.000,0.000,0.000,1.000,0.000,0.000,0,0
492,0,0,0,0,0,1.000,1.000,0.000,0.000,1.000,0.000,0.000,0,0
493,0,0,0,0,0,1.000,1.000,0.000,0.000,1.000,0.000,0.000,0,0
494,0,0,0,0,0,1.000,1.000,0.000,0.000,1.000,0.000,0.000,0,0
495,0,0,0,0,0,1.000,1.000,0.000,0.000,1.000,0.000,0.000,0,0
496,0,0,0,0,0,1.000,1.000,0.000,0.000,1.000,0.000,0.000,0,0
497,0,0,0,0,0,1.000,1.000,0.000,0.000,1.000,0.000,0.000,0,0
498,0,0,0,0,0,1.000,1.000,0.000,0.000,1.000,0.000,0.000,0,0
499,0,0,0,0,0,1.000,1.000,0.000,0.000,1.000,0.000,0.000,0,0
500,0,0,0,0,0,1.000,1.000,0.000,0.000,1.000,0.000,0.000,0,0
501,0,0,0,0,0,1.000,1.000,0.000,0.000,1.000,0.000,0.000,0,0
502,0,0,0,0,0,1.000,1.000,0.000,0.000,1.000,0.000,0.000,0,0
503,0,0,0,0,0,1.000,1.000,0.000,0.000,1.000,0.000,0.000,0,0
504,0,0,0,0,0,1.000,1.000,0.000,0.000,1.000,0.000,0.000,0,0
505,0,0,0,0,0,1.000,1.000,0.000,0.000,1.000,0.000,0.000,0,0
506,0,0,0,0,0,1.000,1.000,0.000,0.000,1.000,0.000,0.000,0,0
507,0,0,0,0,0,1.000,1.000,0.000,0.000,1.000,0.000,0.000,0,0
508,0,0,0,0,0,1.000,1.000,0.000,0.000,1.000,0.000,0.000,0,0
509,0,0,0,0,0,1.000,1.000,0.000,0.000,1.000,0.000,0.000,0,0
510,0,0,0,0,0,1.000,1.000,0.000,0.000,1.000,0.000,0.000,0,0
511,0,0,0,0,0,1.000,1.000,0.000,0.000,1.000,0.000,0.000,0,0
512,0,0,0,0,0,1.000,1.000,0.000,0.000,1.000,0.000,0.000,0,0
513,0,0,0,0,0,1.000,1.000,0.000,0.000,1.000,0.000,0.000,0,0
514,0,0,0,0,0,1.000,1.000,0.000,0.000,1.000,0.000,0.000,0,0
515,0,0,0,0,0,1.000,1.000,0.000,0.000,1.000,0.000,0.000,0,0
516,0,0,0,0,0,1.000,1.000,0.000,0.000,1.000,0.000,0.000,0,0
517,0,0,0,0,0,1.000,1.000,0.000,0.000,1.000,0.000,0.000,0,0
518,0,0,0,0,0,1.000,1.000,0.000,0.000,1.000,0.000,0.000,0,0
519,0,0,0,0,0,1.000,1.000,0.000,0.000,1.000,0.000,0.000,0,0
520,0,0,0,0,0,1.000,1.000,0.000,0.000,1.000,0.000,0.000,0,0
521,0,0,0,0,0,1.000,1.000,0.000,0.000,1.000,0.000,0.000,0,0
522,0,0,0,0,0,1.000,1.000,0.000,0.000,1.000,0.000,0.000,0,0
523,0,0,0,0,0,1.000,1.000,0.000,0.000,1.000,0.000,0.000,0,0
524,0,0,0,0,0,1.000,1.000,0.000,0.000,1.000,0.000,0.000,0,0
525,0,0,0,0,0,1.000,1.000,0.000,0.000,1.000,0.000,0.000,0,0
526,0,0,0,0,0,1.000,1.000,0.000,0.000,1.000,0.000,0.000,0,0
527,0,0,0,0,0,1.000,1.000,0.000,0.000,1.000,0.000,0.000,0,0
528,0,0,0,0,0,1.000,1.000,0.000,0.000,1.000,0.000,0.000,0,0
529,0,0,0,0,0,1.000,1.000,0.000,0.000,1.000,0.000,0.000,0,0
530,0,0,0,0,0,1.000,1.000,0.000,0.000,1.000,0.000,0.000,0,0
531,0,0,0,0,0,1.000,1.000,0.000,0.000,1.000,0.000,0.000,0,0
532,0,0,0,0,0,1.000,1.000,0.000,0.000,1.000,0.000,0.000,0,0
533,0,0,0,0,0,1.000,1.000,0.000,0.000,1.000,0.000,0.000,0,0
534,0,0,0,0,0,1.000,1.000,0.000,0.000,1.000,0.000,0.000,0,0
535,0,0,0,0,0,1.000,1.000,0.000,0.000,1.000,0.000,0.000,0,0
536,0,0,0,0,0,1.000,1.000,0.000,0.000,1.000,0.000,0.000,0,0
537,0,0,0,0,0,1.000,1.000,0.000,0.000,1.000,0.000,0.000,0,0
538,0,0,0,0,0,1.000,1.000,0.000,0.000,1.000,0.000,0.000,0,0
539,0,0,0,0,0,1.000,1.000,0.000,0.000,1.000,0.000,0.000,0,0
540,0,0,0,0,0,1.000,1.000,0.000,0.000,1.000,0.000,0.000,0,0
541,0,0,0,0,0,1.000,1.000,0.000,0.000,1.000,0.000,0.000,0,0
542,0,0,0,0,0,1.000,1.000,0.000,0.000,1.000,0.000,0.000,0,0
543,0,0,0,0,0,1.000,1.000,0.000,0.000,1.000,0.000,0.000,0,0
544,0,0,0,0,0,1.000,1.000,0.000,0.000,1.000,0.000,0.000,0,0
545,0,0,0,0,0,1.000,1.000,0.000,0.000,1.000,0.000,0.000,0,0
546,0,0,0,0,0,1.000,1.000,0.000,0.000,1.000,0.000,0.000,0,0
547,0,0,0,0,0,1.000,1.000,0.000,0.000,1.000,0.000,0.000,0,0
548,0,0,0,0,0,1.000,1.000,0.000,0.000,1.000,0.000,0.000,0,0
549,0,0,0,0,0,1.000,1.000,0.000,0.000,1.000,0.000,0.000,0,0
550,0,0,0,0,0,1.000,1.000,0.000,0.000,1.000,0.000,0.000,0,0
551,0,0,0,0,0,1.000,1.000,0.000,0.000,1.000,0.000,0.000,0,0
552,0,0,0,0,0,1.000,1.000,0.000,0.000,1.000,0.000,0.000,0,0
553,0,0,0,0,0,1.000,1.000,0.000,0.000,1.000,0.000,0.000,0,0
554,0,0,0,0,0,1.000,1.000,0.000,0.000,1.000,0.000,0.000,0,0
555,0,0,0,0,0,1.000,1.000,0.000,0.000,1.000,0.000,0.000,0,0
556,0,0,0,0,0,1.000,1.000,0.000,0.000,1.000,0.000,0.000,0,0
557,0,0,0,0,0,1.000,1.000,0.000,0.000,1.000,0.000,0.000,0,0
558,0,0,0,0,0,1.000,1.000,0.000,0.000,1.000,0.000,0.000,0,0
559,0,0,0,0,0,1.000,1.000,0.000,0.000,1.000,0.000,0.000,0,0
560,0,0,0,0,0,1.000,1.000,0.000,0.000,1.000,0.000,0.000,0,0
561,0,0,0,0,0,1.000,1.000,0.000,0.000,1.000,0.000,0.000,0,0
562,0,0,0,0,0,1.000,1.000,0.000,0.000,1.000,0.000,0.000,0,0
563,0,0,0,0,0,1.000,1.000,0.000,0.000,1.000,0.000,0.000,0,0
564,0,0,0,0,0,1.000,1.000,0.000,0.000,1.000,0.000,0.000,0,0
565,0,0,0,0,0,1.000,1.000,0.000,0.000,1.000,0.000,0.000,0,0
566,0,0,0,0,0,1.000,1.000,0.000,0.000,1.000,0.000,0.000,0,0
567,0,0,0,0,0,1.000,1.000,0.000,0.000,1.000,0.000,0.000,0,0
568,0,0,0,0,0,1.000,1.000,0.000,0.000,1.000,0.000,0.000,0,0
569,0,0,0,0,0,1.000,1.000,0.000,0.000,1.000,0.000,0.000,0,0
570,0,0,0,0,0,1.000,1.000,0.000,0.000,1.000,0.000,0.000,0,0
571,0,0,0,0,0,1.000,1.000,0.000,0.000,1.000,0.000,0.000,0,0
572,0,0,0,0,0,1.000,1.000,0.000,0.000,1.000,0.000,0.000,0,0
573,0,0,0,0,0,1.000,1.000,0.000,0.000,1.000,0.000,0.000,0,0
574,0,0,0,0,0,1.000,1.000,0.000,0.000,1.000,0.000,0.000,0,0
575,0,0,0,0,0,1.000,1.000,0.000,0.000,1.000,0.000,0.000,0,0
576,0,0,0,0,0,1.000,1.000,0.000,0.000,1.000,0.000,0.000,0,0
577,0,0,0,0,0,1.000,1.000,0.000,0.000,1.000,0.000,0.000,0,0
578,0,0,0,0,0,1.000,1.000,0.000,0.000,1.000,0.000,0.000,0,0
579,0,0,0,0,0,1.000,1.000,0.000,0.000,1.000,0.000,0.000,0,0
580,0,0,0,0,0,1.000,1.000,0.000,0.000,1.000,0.000,0.000,0,0
581,0,0,0,0,0,1.000,1.000,0.000,0.000,1.000,0.000,0.000,0,0
582,0,0,0,0,0,1.000,1.000,0.000,0.000,1.000,0.000,0.000,0,0
583,0,0,0,0,0,1.000,1.000,0.000,0.000,1.000,0.000,0.000,0,0
584,0,0,0,0,0,1.000,1.000,0.000,0.000,1.000,0.000,0.000,0,0
585,0,0,0,0,0,1.000,1.000,0.000,0.000,1.000,0.000,0.000,0,0
586,1,1,0,0,0,1.000,1.000,0.000,0.000,1.000,0.000,0.000,0,0
587,1,1,0,0,0,1.000,1.000,0.000,0.000,1.000,0.000,0.000,0,0
588,1,1,0,0,0,1.000,1.000,0.000,0.000,1.000,0.000,0.000,0,0
589,1,1,0,0,0,1.000,1.000,0.000,0.000,1.000,0.000,0.000,0,0
590,1,1,0,0,0,1.000,1.000,0.000,0.000,1.000,0.000,0.000,0,0
591,0,0,0,0,0,1.000,1.000,0.000,0.000,1.000,0.000,0.000,0,0
592,1,1,0,0,0,1.000,1.000,0.000,0.000,1.000,0.000,0.000,0,0
593,0,0,0,0,0,1.000,1.000,0.000,0.000,1.000,0.000,0.000,0,0
594,0,0,0,0,0,1.000,1.000,0.000,0.000,1.000,0.000,0.000,0,0
595,0,0,0,0,0,1.000,1.000,0.000,0.000,1.000,0.000,0.000,0,0
596,0,0,0,0,0,1.000,1.000,0.000,0.000,1.000,0.000,0.000,0,0
597,0,0,0,0,0,1.000,1.000,0.000,0.000,1.000,0.000,0.000,0,0
598,0,0,0,0,0,1.000,1.000,0.000,0.000,1.000,0.000,0.000,0,0
599,0,0,0,0,0,1.000,1.000,0.000,0.000,1.000,0.000,0.000,0,0
600,0,0,0,0,0,1.000,1.000,0.000,0.000,1.000,0.000,0.000,0,0
601,1,0,1,0,0,0.000,1.000,0.000,0.000,0.000,0.693,0.693,0,0
602,0,0,0,0,0,1.000,1.000,0.000,0.000,1.000,0.000,0.000,0,0
603,1,0,1,0,0,0.000,1.000,0.000,0.000,0.000,0.693,0.693,0,0
604,1,0,1,0,0,0.000,1.000,0.000,0.000,0.000,0.868,0.868,0,0
605,1,0,1,0,0,0.000,1.000,0.000,0.000,0.000,0.451,0.451,0,0
606,1,1,0,0,0,1.000,1.000,0.000,0.000,1.000,0.000,0.000,0,0
607,1,1,0,0,0,1.000,1.000,0.000,0.000,1.000,0.000,0.000,0,0
608,1,1,0,0,0,1.000,1.000,0.000,0.000,1.000,0.000,0.000,0,0
609,1,1,0,0,0,1.000,1.000,0.000,0.000,1.000,0.000,0.000,0,0
610,1,1,0,0,0,1.000,1.000,0.000,0.000,1.000,0.000,0.000,0,0
611,1,1,0,0,0,1.000,1.000,0.000,0.000,1.000,0.000,0.000,0,0
612,1,1,0,0,0,1.000,1.000,0.000,0.000,1.000,0.000,0.000,0,0
613,1,0,1,0,0,0.000,1.000,0.000,0.000,0.000,0.500,0.500,0,0
614,1,0,1,0,0,0.000,1.000,0.000,0.000,0.000,0.500,0.500,0,0
615,1,1,0,0,0,1.000,1.000,0.000,0.000,1.000,0.000,0.000,0,0
616,1,0,1,0,0,0.000,1.000,0.000,0.000,0.000,0.500,0.500,0,0
617,1,0,1,0,0,0.000,1.000,0.000,0.000,0.000,0.451,0.451,0,0
618,1,0,1,0,0,0.000,1.000,0.000,0.000,0.000,0.451,0.451,0,0
619,1,1,0,0,0,1.000,1.000,0.000,0.000,1.000,0.000,0.000,0,0
620,1,1,0,0,0,1.000,1.000,0.000,0.000,1.000,0.000,0.000,0,0
621,1,0,1,0,0,0.000,1.000,0.000,0.000,0.000,1.040,1.040,0,0
622,1,0,1,0,0,0.000,1.000,0.000,0.000,0.000,1.561,1.561,0,0
623,1,0,1,0,0,0.000,1.000,0.000,0.000,0.000,1.332,1.332,0,0
624,1,0,1,0,0,0.000,1.000,0.000,0.000,0.000,0.693,0.693,0,0
625,1,0,1,0,0,0.000,1.000,0.000,0.000,0.000,1.099,1.099,0,0
626,1,0,1,0,0,0.000,1.000,0.000,0.000,0.000,1.099,1.099,0,0
627,1,0,1,0,0,0.000,1.000,0.000,0.000,0.000,0.693,0.693,0,0
628,1,0,1,0,0,0.000,1.000,0.000,0.000,0.000,0.637,0.637,0,0
629,1,0,1,0,0,0.000,1.000,0.000,0.000,0.000,0.693,0.693,0,0
630,1,1,0,0,0,1.000,1.000,0.000,0.000,1.000,0.000,0.000,0,0
631,0,0,0,0,0,1.000,1.000,0.000,0.000,1.000,0.000,0.000,0,0
632,1,1,0,0,0,1.000,1.000,0.000,0.000,1.000,0.000,0.000,0,0
633,1,1,0,0,0,1.000,1.000,0.000,0.000,1.000,0.000,0.000,0,0
634,1,0,1,0,0,0.000,1.000,0.000,0.000,0.000,0.693,0.693,0,0
635,1,1,0,0,0,1.000,1.000,0.000,0.000,1.000,0.000,0.000,0,0
636,0,0,0,0,0,1.000,1.000,0.000,0.000,1.000,0.000,0.000,0,0
637,1,1,0,0,0,1.000,1.000,0.000,0.000,1.000,0.000,0.000,0,0
638,0,0,0,0,0,1.000,1.000,0.000,0.000,1.000,0.000,0.000,0,0
639,0,0,0,0,0,1.000,1.000,0.000,0.000,1.000,0.000,0.000,0,0
640,0,0,0,0,0,1.000,1.000,0.000,0.000,1.000,0.000,0.000,0,0
641,0,0,0,0,0,1.000,1.000,0.000,0.000,1.000,0.000,0.000,0,0
642,0,0,0,0,0,1.000,1.000,0.000,0.000,1.000,0.000,0.000,0,0
643,0,0,0,0,0,1.000,1.000,0.000,0.000,1.000,0.000,0.000,0,0
644,0,0,0,0,0,1.000,1.000,0.000,0.000,1.000,0.000,0.000,0,0
645,0,0,0,0,0,1.000,1.000,0.000,0.000,1.000,0.000,0.000,0,0
646,0,0,0,0,0,1.000,1.000,0.000,0.000,1.000,0.000,0.000,0,0
647,0,0,0,0,0,1.000,1.000,0.000,0.000,1.000,0.000,0.000,0,0
648,0,0,0,0,0,1.000,1.000,0.000,0.000,1.000,0.000,0.000,0,0
649,0,0,0,0,0,1.000,1.000,0.000,0.000,1.000,0.000,0.000,0,0
650,0,0,0,0,0,1.000,1.000,0.000,0.000,1.000,0.000,0.000,0,0
651,0,0,0,0,0,1.000,1.000,0.000,0.000,1.000,0.000,0.000,0,0
652,0,0,0,0,0,1.000,1.000,0.000,0.000,1.000,0.000,0.000,0,0
653,0,0,0,0,0,1.000,1.000,0.000,0.000,1.000,0.000,0.000,0,0
654,0,0,0,0,0,1.000,1.000,0.000,0.000,1.000,0.000,0.000,0,0
655,0,0,0,0,0,1.000,1.000,0.000,0.000,1.000,0.000,0.000,0,0
656,0,0,0,0,0,1.000,1.000,0.000,0.000,1.000,0.000,0.000,0,0
657,0,0,0,0,0,1.000,1.000,0.000,0.000,1.000,0.000,0.000,0,0
658,1,1,0,0,0,1.000,1.000,0.000,0.000,1.000,0.000,0.000,0,0
659,1,0,1,0,0,0.000,1.000,0.000,0.000,0.000,0.562,0.562,0,0
660,1,1,0,0,0,1.000,1.000,0.000,0.000,1.000,0.000,0.000,0,0
661,1,0,1,0,0,0.000,1.000,0.000,0.000,0.000,0.693,0.693,0,0
662,1,1,0,0,0,1.000,1.000,0.000,0.000,1.000,0.000,0.000,0,0
663,1,1,0,0,0,1.000,1.000,0.000,0.000,1.000,0.000,0.000,0,0
664,1,0,1,0,0,0.000,1.000,0.000,0.000,0.000,0.466,0.466,0,0
665,1,0,1,0,0,0.000,1.000,0.000,0.000,0.000,0.531,0.531,0,0
666,1,1,0,0,0,1.000,1.000,0.000,0.000,1.000,0.000,0.000,0,0
667,1,1,0,0,0,1.000,1.000,0.000,0.000,1.000,0.000,0.000,0,0
668,1,0,1,0,0,0.000,1.000,0.000,0.000,0.000,0.173,0.173,0,0
669,1,1,0,0,0,1.000,1.000,0.000,0.000,1.000,0.000,0.000,0,0
670,1,0,1,0,0,0.000,1.000,0.000,0.000,0.000,0.284,0.284,0,0
671,1,0,1,0,0,0.000,1.000,0.000,0.000,0.000,0.143,0.143,0,0
672,1,1,0,0,0,1.000,1.000,0.000,0.000,1.000,0.000,0.000,0,0
673,1,0,1,0,0,0.000,1.000,0.000,0.000,0.000,0.271,0.271,0,0
674,1,0,1,0,0,0.000,1.000,0.000,0.000,0.000,0.146,0.146,0,0
675,1,0,1,0,0,0.000,1.000,0.000,0.000,0.000,0.243,0.243,0,0
676,1,0,1,0,0,0.000,1.000,0.000,0.000,0.000,0.150,0.150,0,0
677,1,1,0,0,0,1.000,1.000,0.000,0.000,1.000,0.000,0.000,0,0
678,1,0,1,0,0,0.000,1.000,0.000,0.000,0.000,0.307,0.307,0,0
679,1,0,1,0,0,0.000,1.000,0.000,0.000,0.000,0.143,0.143,0,0
680,1,0,1,0,0,0.000,1.000,0.000,0.000,0.000,0.345,0.345,0,0
681,1,0,1,0,0,0.000,1.000,0.000,0.000,0.000,0.154,0.154,0,0
682,1,1,0,0,0,1.000,1.000,0.000,0.000,1.000,0.000,0.000,0,0
683,1,1,0,0,0,1.000,1.000,0.000,0.000,1.000,0.000,0.000,0,0
684,1,0,1,0,0,0.000,1.000,0.000,0.000,0.000,0.206,0.206,0,0
685,1,1,0,0,0,1.000,1.000,0.000,0.000,1.000,0.000,0.000,0,0
686,1,1,0,0,0,1.000,1.000,0.000,0.000,1.000,0.000,0.000,0,0
687,2,1,1,0,0,0.780,1.000,0.000,0.551,0.639,0.311,0.862,0,0
688,2,2,0,0,0,1.000,1.000,0.000,0.553,1.000,0.000,0.553,0,0
689,3,2,1,0,0,0.937,1.000,0.000,0.950,0.881,0.129,1.079,0,0
690,3,2,1,0,0,0.949,1.000,0.000,1.049,0.902,0.113,1.162,0,0
691,3,3,0,0,0,1.000,1.000,0.000,1.072,1.000,0.000,1.072,0,0
692,3,1,0,2,0,0.613,0.442,0.559,1.001,1.000,0.000,0.442,0,0
693,3,0,2,1,0,0.568,0.503,0.509,1.024,0.653,0.273,0.787,0,0
694,3,1,0,2,0,0.626,0.456,0.567,1.041,1.000,0.000,0.474,0,0
695,3,1,0,2,0,0.680,0.515,0.523,1.077,1.000,0.000,0.555,0,0
696,3,1,1,1,0,0.627,0.534,0.496,1.065,0.759,0.181,0.750,0,0
697,3,1,1,1,0,0.670,0.557,0.479,1.082,0.838,0.116,0.719,0,0
698,3,1,0,2,0,0.707,0.547,0.492,1.086,1.000,0.000,0.594,0,0
699,3,1,0,2,0,0.655,0.487,0.544,1.061,1.000,0.000,0.517,0,0
700,3,1,0,2,0,0.688,0.525,0.509,1.072,1.000,0.000,0.562,0,0
701,3,0,1,2,0,0.107,0.061,0.965,1.028,0.429,0.083,0.146,0,0
702,3,0,2,1,0,0.115,0.072,0.989,1.066,0.279,0.200,0.277,0,0
703,3,0,2,1,0,0.232,0.174,0.874,1.058,0.350,0.341,0.525,0,0
704,3,0,1,2,0,0.295,0.200,0.809,1.011,0.559,0.160,0.363,0,0
705,3,0,1,2,0,0.288,0.202,0.812,1.018,0.497,0.208,0.414,0,0
706,3,0,2,1,0,0.193,0.142,0.866,1.009,0.304,0.328,0.471,0,0
707,3,0,0,3,0,0.000,0.000,0.890,0.890,1.000,0.000,0.000,0,0
708,3,0,0,3,0,0.000,0.000,1.026,1.026,1.000,0.000,0.000,0,0
709,3,0,1,2,0,0.160,0.094,0.882,0.973,0.545,0.076,0.168,0,0
710,3,0,1,2,0,0.168,0.100,0.904,1.004,0.525,0.091,0.191,0,0
711,3,0,1,2,0,0.157,0.116,0.757,0.857,0.244,0.310,0.409,0,0
712,3,0,2,1,0,0.322,0.267,0.735,1.003,0.406,0.392,0.660,0,0
713,3,0,2,1,0,0.580,0.515,0.450,0.928,0.663,0.242,0.720,0,0
714,3,1,1,1,0,0.602,0.490,0.497,0.975,0.779,0.135,0.613,0,0
715,3,1,1,1,0,0.472,0.418,0.510,0.876,0.541,0.311,0.678,0,0
716,3,0,1,2,0,0.481,0.406,0.561,0.943,0.591,0.265,0.647,0,0
717,3,1,0,2,0,0.616,0.445,0.561,1.011,1.000,0.000,0.451,0,0
718,3,1,2,0,0,0.551,0.533,0.460,0.986,0.571,0.395,0.920,0,0
719,3,1,1,1,0,0.650,0.552,0.478,1.067,0.790,0.157,0.746,0,0
720,3,1,1,1,0,0.647,0.542,0.494,1.077,0.803,0.144,0.727,0,0
721,3,1,0,2,0,0.660,0.492,0.531,1.046,1.000,0.000,0.515,0,0
722,3,1,2,0,0,0.615,0.653,0.377,1.085,0.581,0.510,1.218,0,0
723,3,1,1,1,0,0.594,0.753,0.250,1.011,0.491,0.791,1.552,0,0
724,3,1,2,0,0,0.737,1.000,0.000,1.013,0.584,0.721,1.735,0,0
725,3,2,1,0,0,0.926,1.000,0.000,0.943,0.862,0.151,1.094,0,0
726,3,2,1,0,0,0.904,1.000,0.000,0.975,0.824,0.208,1.183,0,0
727,3,2,1,0,0,0.928,1.000,0.000,0.917,0.866,0.142,1.060,0,0
728,3,2,1,0,0,0.847,1.000,0.000,0.927,0.735,0.334,1.261,0,0
729,3,0,2,1,0,0.786,0.895,0.104,0.990,0.700,0.379,1.265,0,0
730,3,0,3,0,0,0.782,1.000,0.000,0.883,0.642,0.493,1.376,0,0
731,3,2,1,0,0,0.878,1.000,0.000,0.956,0.783,0.265,1.221,0,0
732,3,2,1,0,0,0.925,1.000,0.000,1.022,0.860,0.166,1.188,0,0
733,3,1,2,0,0,0.820,1.000,0.000,1.097,0.695,0.482,1.579,0,0
734,3,1,2,0,0,0.877,1.000,0.000,1.057,0.781,0.297,1.353,0,0
735,5,3,2,0,0,0.828,1.000,0.000,1.284,0.707,0.533,1.817,0,0
736,3,0,3,0,0,0.798,1.000,0.000,1.040,0.664,0.525,1.565,0,0
737,5,1,4,0,0,0.709,1.000,0.000,1.393,0.549,1.146,2.538,0,0
738,5,4,1,0,0,0.913,1.000,0.000,1.387,0.839,0.266,1.653,0,0
739,4,1,3,0,0,0.734,1.000,0.000,1.136,0.580,0.823,1.959,0,0
740,3,3,0,0,0,1.000,1.000,0.000,0.921,1.000,0.000,0.921,0,0
741,2,2,0,0,0,1.000,1.000,0.000,0.611,1.000,0.000,0.611,0,0
742,3,1,2,0,0,0.813,1.000,0.000,0.898,0.685,0.413,1.311,0,0
743,3,3,0,0,0,1.000,1.000,0.000,0.760,1.000,0.000,0.760,0,0
744,1,0,1,0,0,0.000,1.000,0.000,0.000,0.000,0.325,0.325,0,0
745,1,1,0,0,0,1.000,1.000,0.000,0.000,1.000,0.000,0.000,0,0
746,1,1,0,0,0,1.000,1.000,0.000,0.000,1.000,0.000,0.000,0,0
747,1,0,1,0,0,0.000,1.000,0.000,0.000,0.000,0.287,0.287,0,0
748,1,0,1,0,0,0.000,1.000,0.000,0.000,0.000,0.305,0.305,0,0
749,1,0,1,0,0,0.000,1.000,0.000,0.000,0.000,0.271,0.271,0,0
750,1,0,1,0,0,0.000,1.000,0.000,0.000,0.000,0.689,0.689,0,0
751,1,0,1,0,0,0.000,1.000,0.000,0.000,0.000,0.610,0.610,0,0
752,1,1,0,0,0,1.000,1.000,0.000,0.000,1.000,0.000,0.000,0,0
753,1,0,1,0,0,0.000,1.000,0.000,0.000,0.000,1.465,1.465,0,0
754,1,0,1,0,0,0.000,1.000,0.000,0.000,0.000,1.560,1.560,0,0
755,1,0,1,0,0,0.000,1.000,0.000,0.000,0.000,1.229,1.229,0,0
756,1,0,1,0,0,0.000,1.000,0.000,0.000,0.000,0.500,0.500,0,0
757,0,0,0,0,0,1.000,1.000,0.000,0.000,1.000,0.000,0.000,0,0
758,0,0,0,0,0,1.000,1.000,0.000,0.000,1.000,0.000,0.000,0,0
759,0,0,0,0,0,1.000,1.000,0.000,0.000,1.000,0.000,0.000,0,0
760,0,0,0,0,0,1.000,1.000,0.000,0.000,1.000,0.000,0.000,0,0
761,0,0,0,0,0,1.000,1.000,0.000,0.000,1.000,0.000,0.000,0,0
762,0,0,0,0,0,1.000,1.000,0.000,0.000,1.000,0.000,0.000,0,0
763,0,0,0,0,0,1.000,1.000,0.000,0.000,1.000,0.000,0.000,0,0
764,0,0,0,0,0,1.000,1.000,0.000,0.000,1.000,0.000,0.000,0,0
765,0,0,0,0,0,1.000,1.000,0.000,0.000,1.000,0.000,0.000,0,0
766,0,0,0,0,0,1.000,1.000,0.000,0.000,1.000,0.000,0.000,0,0
767,0,0,0,0,0,1.000,1.000,0.000,0.000,1.000,0.000,0.000,0,0
768,0,0,0,0,0,1.000,1.000,0.000,0.000,1.000,0.000,0.000,0,0
769,0,0,0,0,0,1.000,1.000,0.000,0.000,1.000,0.000,0.000,0,0
770,0,0,0,0,0,1.000,1.000,0.000,0.000,1.000,0.000,0.000,0,0
771,0,0,0,0,0,1.000,1.000,0.000,0.000,1.000,0.000,0.000,0,0
772,0,0,0,0,0,1.000,1.000,0.000,0.000,1.000,0.000,0.000,0,0
773,0,0,0,0,0,1.000,1.000,0.000,0.000,1.000,0.000,0.000,0,0
774,1,1,0,0,0,1.000,1.000,0.000,0.000,1.000,0.000,0.000,0,0
775,1,0,1,0,0,0.000,1.000,0.000,0.000,0.000,0.693,0.693,0,0
776,1,0,1,0,0,0.000,1.000,0.000,0.000,0.000,1.099,1.099,0,0
777,1,0,1,0,0,0.000,1.000,0.000,0.000,0.000,1.386,1.386,0,0
778,1,0,1,0,0,0.000,1.000,0.000,0.000,0.000,2.020,2.020,0,0
779,1,0,1,0,0,0.000,1.000,0.000,0.000,0.000,1.698,1.698,0,0
780,1,0,1,0,0,0.000,1.000,0.000,0.000,0.000,1.609,1.609,0,0
781,1,0,1,0,0,0.000,1.000,0.000,0.000,0.000,1.666,1.666,0,0
782,1,0,1,0,0,0.000,1.000,0.000,0.000,0.000,1.376,1.376,0,0
783,1,0,1,0,0,0.000,1.000,0.000,0.000,0.000,1.233,1.233,0,0
784,0,0,0,0,0,1.000,1.000,0.000,0.000,1.000,0.000,0.000,0,0
785,0,0,0,0,0,1.000,1.000,0.000,0.000,1.000,0.000,0.000,0,0
786,1,0,1,0,0,0.000,1.000,0.000,0.000,0.000,0.562,0.562,0,0
787,1,0,1,0,0,0.000,1.000,0.000,0.000,0.000,1.332,1.332,0,0
788,2,0,2,0,0,0.529,1.000,0.000,0.591,0.359,1.053,1.644,0,0
789,2,1,1,0,0,0.674,1.000,0.000,0.325,0.509,0.314,0.639,0,0
790,1,0,1,0,0,0.000,1.000,0.000,0.000,0.000,1.121,1.121,0,0
791,0,0,0,0,0,1.000,1.000,0.000,0.000,1.000,0.000,0.000,0,0
792,0,0,0,0,0,1.000,1.000,0.000,0.000,1.000,0.000,0.000,0,0
793,0,0,0,0,0,1.000,1.000,0.000,0.000,1.000,0.000,0.000,0,0
794,0,0,0,0,0,1.000,1.000,0.000,0.000,1.000,0.000,0.000,0,0
795,0,0,0,0,0,1.000,1.000,0.000,0.000,1.000,0.000,0.000,0,0
796,0,0,0,0,0,1.000,1.000,0.000,0.000,1.000,0.000,0.000,0,0
797,0,0,0,0,0,1.000,1.000,0.000,0.000,1.000,0.000,0.000,0,0
798,1,1,0,0,0,1.000,1.000,0.000,0.000,1.000,0.000,0.000,0,0
799,1,0,1,0,0,0.000,1.000,0.000,0.000,0.000,0.451,0.451,0,0
800,0,0,0,0,0,1.000,1.000,0.000,0.000,1.000,0.000,0.000,0,0
801,0,0,0,0,0,1.000,1.000,0.000,0.000,1.000,0.000,0.000,0,0
802,0,0,0,0,0,1.000,1.000,0.000,0.000,1.000,0.000,0.000,0,0
803,1,1,0,0,0,1.000,1.000,0.000,0.000,1.000,0.000,0.000,0,0
804,1,1,0,0,0,1.000,1.000,0.000,0.000,1.000,0.000,0.000,0,0
805,1,1,0,0,0,1.000,1.000,0.000,0.000,1.000,0.000,0.000,0,0
806,1,1,0,0,0,1.000,1.000,0.000,0.000,1.000,0.000,0.000,0,0
807,0,0,0,0,0,1.000,1.000,0.000,0.000,1.000,0.000,0.000,0,0
808,0,0,0,0,0,1.000,1.000,0.000,0.000,1.000,0.000,0.000,0,0
809,0,0,0,0,0,1.000,1.000,0.000,0.000,1.000,0.000,0.000,0,0
810,1,1,0,0,0,1.000,1.000,0.000,0.000,1.000,0.000,0.000,0,0
811,1,0,1,0,0,0.000,1.000,0.000,0.000,0.000,0.693,0.693,0,0
812,1,1,0,0,0,1.000,1.000,0.000,0.000,1.000,0.000,0.000,0,0
813,1,1,0,0,0,1.000,1.000,0.000,0.000,1.000,0.000,0.000,0,0
814,1,1,0,0,0,1.000,1.000,0.000,0.000,1.000,0.000,0.000,0,0
815,1,1,0,0,0,1.000,1.000,0.000,0.000,1.000,0.000,0.000,0,0
816,1,0,1,0,0,0.000,1.000,0.000,0.000,0.000,0.500,0.500,0,0
817,1,0,1,0,0,0.000,1.000,0.000,0.000,0.000,0.562,0.562,0,0
818,1,1,0,0,0,1.000,1.000,0.000,0.000,1.000,0.000,0.000,0,0
819,1,1,0,0,0,1.000,1.000,0.000,0.000,1.000,0.000,0.000,0,0
820,0,0,0,0,0,1.000,1.000,0.000,0.000,1.000,0.000,0.000,0,0
821,0,0,0,0,0,1.000,1.000,0.000,0.000,1.000,0.000,0.000,0,0
822,0,0,0,0,0,1.000,1.000,0.000,0.000,1.000,0.000,0.000,0,0
823,0,0,0,0,0,1.000,1.000,0.000,0.000,1.000,0.000,0.000,0,0
824,0,0,0,0,0,1.000,1.000,0.000,0.000,1.000,0.000,0.000,0,0
825,0,0,0,0,0,1.000,1.000,0.000,0.000,1.000,0.000,0.000,0,0
826,0,0,0,0,0,1.000,1.000,0.000,0.000,1.000,0.000,0.000,0,0
827,0,0,0,0,0,1.000,1.000,0.000,0.000,1.000,0.000,0.000,0,0
828,0,0,0,0,0,1.000,1.000,0.000,0.000,1.000,0.000,0.000,0,0
829,0,0,0,0,0,1.000,1.000,0.000,0.000,1.000,0.000,0.000,0,0
830,0,0,0,0,0,1.000,1.000,0.000,0.000,1.000,0.000,0.000,0,0
831,0,0,0,0,0,1.000,1.000,0.000,0.000,1.000,0.000,0.000,0,0
832,1,0,1,0,0,0.000,1.000,0.000,0.000,0.000,0.693,0.693,0,0
833,1,0,1,0,0,0.000,1.000,0.000,0.000,0.000,0.693,0.693,0,0
834,2,0,2,0,0,0.671,1.000,0.000,0.673,0.505,0.659,1.332,0,0
835,3,2,1,0,0,0.926,1.000,0.000,0.925,0.863,0.147,1.072,0,0
836,3,2,1,0,0,0.769,1.000,0.000,0.790,0.624,0.476,1.266,0,0
837,3,2,1,0,0,0.890,1.000,0.000,1.013,0.802,0.251,1.264,0,0
838,3,1,2,0,0,0.727,1.000,0.000,1.040,0.571,0.780,1.820,0,0
839,2,1,1,0,0,0.710,1.000,0.000,0.683,0.551,0.557,1.240,0,0
840,2,0,2,0,0,0.672,1.000,0.000,0.655,0.506,0.639,1.295,0,0
841,4,2,2,0,0,0.788,1.000,0.000,1.194,0.651,0.641,1.834,0,0
842,3,2,1,0,0,0.869,1.000,0.000,0.687,0.768,0.208,0.895,0,0
843,3,1,2,0,0,0.717,1.000,0.000,0.777,0.559,0.614,1.392,0,0
844,4,3,1,0,0,0.929,1.000,0.000,0.919,0.867,0.141,1.061,0,0
845,4,3,1,0,0,0.940,1.000,0.000,0.885,0.887,0.112,0.998,0,0
846,4,3,1,0,0,0.826,1.000,0.000,1.006,0.703,0.424,1.430,0,0
847,4,2,2,0,0,0.834,1.000,0.000,1.103,0.716,0.439,1.542,0,0
848,5,5,0,0,0,1.000,1.000,0.000,1.517,1.000,0.000,1.517,0,0
849,5,3,2,0,0,0.873,1.000,0.000,1.488,0.774,0.435,1.923,0,0
850,4,3,1,0,0,0.832,1.000,0.000,1.020,0.712,0.412,1.432,0,0
851,4,3,1,0,0,0.936,1.000,0.000,0.991,0.879,0.136,1.128,0,0
852,5,4,1,0,0,0.970,1.000,0.000,1.490,0.942,0.092,1.582,0,0
853,4,3,1,0,0,0.925,1.000,0.000,1.311,0.861,0.212,1.523,0,0
854,4,3,1,0,0,0.919,1.000,0.000,1.280,0.851,0.225,1.505,0,0
855,4,3,1,0,0,0.889,1.000,0.000,1.115,0.800,0.279,1.395,0,0
856,4,2,2,0,0,0.774,1.000,0.000,1.103,0.631,0.645,1.748,0,0
857,4,3,1,0,0,0.932,1.000,0.000,1.005,0.872,0.147,1.153,0,0
858,3,2,1,0,0,0.858,1.000,0.000,0.898,0.751,0.297,1.195,0,0
859,4,2,2,0,0,0.795,1.000,0.000,0.978,0.659,0.506,1.484,0,0
860,4,4,0,0,0,1.000,1.000,0.000,1.091,1.000,0.000,1.091,0,0
861,4,3,1,0,0,0.858,1.000,0.000,1.035,0.752,0.342,1.377,0,0
862,3,3,0,0,0,1.000,1.000,0.000,0.721,1.000,0.000,0.721,0,0
863,4,3,1,0,0,0.919,1.000,0.000,0.987,0.851,0.173,1.160,0,0
864,4,2,2,0,0,0.847,1.000,0.000,0.953,0.735,0.344,1.297,0,0
865,4,3,1,0,0,0.884,1.000,0.000,0.951,0.792,0.250,1.202,0,0
866,4,3,1,0,0,0.946,1.000,0.000,1.041,0.897,0.119,1.160,0,0
867,5,3,2,0,0,0.919,1.000,0.000,1.435,0.850,0.253,1.688,0,0
868,5,3,2,0,0,0.893,1.000,0.000,1.318,0.807,0.316,1.634,0,0
869,5,2,3,0,0,0.873,1.000,0.000,1.367,0.775,0.398,1.765,0,0
870,5,4,1,0,0,0.962,1.000,0.000,1.330,0.927,0.105,1.435,0,0
871,5,4,1,0,0,0.922,1.000,0.000,1.226,0.856,0.206,1.432,0,0
872,5,5,0,0,0,1.000,1.000,0.000,1.249,1.000,0.000,1.249,0,0
873,5,5,0,0,0,1.000,1.000,0.000,1.254,1.000,0.000,1.254,0,0
874,6,6,0,0,0,1.000,1.000,0.000,1.461,1.000,0.000,1.461,0,0
875,5,5,0,0,0,1.000,1.000,0.000,1.209,1.000,0.000,1.209,0,0
876,5,5,0,0,0,1.000,1.000,0.000,1.438,1.000,0.000,1.438,0,0
877,6,5,1,0,0,0.964,1.000,0.000,1.271,0.930,0.095,1.366,0,0
878,5,3,2,0,0,0.918,1.000,0.000,1.537,0.849,0.273,1.810,0,0
879,5,5,0,0,0,1.000,1.000,0.000,1.550,1.000,0.000,1.550,0,0
880,5,5,0,0,0,1.000,1.000,0.000,1.471,1.000,0.000,1.471,0,0
881,3,2,1,0,0,0.909,1.000,0.000,1.061,0.833,0.212,1.273,0,0
882,4,4,0,0,0,1.000,1.000,0.000,1.199,1.000,0.000,1.199,0,0
883,4,4,0,0,0,1.000,1.000,0.000,1.221,1.000,0.000,1.221,0,0
884,5,3,2,0,0,0.901,1.000,0.000,1.121,0.820,0.246,1.366,0,0
885,4,3,1,0,0,0.863,1.000,0.000,0.755,0.759,0.239,0.994,0,0
886,4,2,2,0,0,0.819,1.000,0.000,0.846,0.694,0.373,1.219,0,0
887,4,3,1,0,0,0.965,1.000,0.000,1.010,0.933,0.073,1.083,0,0
888,4,4,0,0,0,1.000,1.000,0.000,1.187,1.000,0.000,1.187,0,0
889,2,1,1,0,0,0.885,1.000,0.000,0.681,0.794,0.176,0.857,0,0
890,4,1,3,0,0,0.800,1.000,0.000,1.208,0.666,0.604,1.812,0,0
891,4,3,1,0,0,0.983,1.000,0.000,1.259,0.966,0.045,1.304,0,0
892,4,3,1,0,0,0.964,1.000,0.000,1.308,0.930,0.099,1.407,0,0
893,3,2,1,0,0,0.913,1.000,0.000,1.080,0.840,0.206,1.286,0,0
894,3,2,1,0,0,0.950,1.000,0.000,1.072,0.905,0.113,1.184,0,0
895,4,4,0,0,0,1.000,1.000,0.000,1.252,1.000,0.000,1.252,0,0
896,4,2,2,0,0,0.926,1.000,0.000,1.185,0.862,0.190,1.375,0,0
897,4,2,2,0,0,0.932,1.000,0.000,1.285,0.872,0.189,1.474,0,0
898,5,3,2,0,0,0.948,1.000,0.000,1.318,0.902,0.143,1.461,0,0
899,5,3,2,0,0,0.934,1.000,0.000,1.538,0.876,0.219,1.756,0,0
900,5,3,2,0,0,0.942,1.000,0.000,1.565,0.890,0.194,1.759,0,0
901,7,3,4,0,0,0.896,1.000,0.000,1.666,0.811,0.388,2.053,0,0
902,7,5,2,0,0,0.940,1.000,0.000,1.637,0.887,0.208,1.845,0,0
903,6,4,2,0,0,0.890,1.000,0.000,1.649,0.802,0.406,2.055,0,0
904,9,5,4,0,0,0.891,1.000,0.000,1.875,0.804,0.457,2.332,0,0
905,9,4,5,0,0,0.906,1.000,0.000,2.003,0.827,0.418,2.421,0,0
906,10,5,5,0,0,0.924,1.000,0.000,2.012,0.859,0.330,2.341,0,0
907,6,6,0,0,0,1.000,1.000,0.000,1.616,1.000,0.000,1.616,0,0
908,8,6,2,0,0,0.925,1.000,0.000,1.781,0.861,0.287,2.068,0,0
909,8,5,3,0,0,0.859,1.000,0.000,1.843,0.753,0.604,2.447,0,0
910,8,6,2,0,0,0.940,1.000,0.000,1.861,0.887,0.238,2.099,0,0
911,8,5,3,0,0,0.915,1.000,0.000,1.860,0.844,0.344,2.204,0,0
912,9,6,3,0,0,0.907,1.000,0.000,1.802,0.830,0.370,2.172,0,0
913,7,5,2,0,0,0.958,1.000,0.000,1.566,0.919,0.137,1.703,0,0
914,7,6,1,0,0,0.942,1.000,0.000,1.630,0.890,0.200,1.830,0,0
915,8,7,1,0,0,0.991,1.000,0.000,1.687,0.982,0.032,1.719,0,0
916,10,7,3,0,0,0.907,1.000,0.000,2.017,0.829,0.416,2.433,0,0
917,8,6,2,0,0,0.950,1.000,0.000,1.781,0.904,0.189,1.970,0,0
918,9,8,1,0,0,0.967,1.000,0.000,1.924,0.935,0.133,2.057,0,0
919,10,6,4,0,0,0.874,1.000,0.000,2.018,0.776,0.583,2.601,0,0
920,10,9,1,0,0,0.979,1.000,0.000,1.924,0.958,0.084,2.008,0,0
921,9,7,2,0,0,0.933,1.000,0.000,1.828,0.874,0.264,2.092,0,0
922,9,7,2,0,0,0.952,1.000,0.000,1.921,0.908,0.196,2.117,0,0
923,8,6,2,0,0,0.952,1.000,0.000,1.818,0.909,0.182,2.000,0,0
924,7,4,3,0,0,0.933,1.000,0.000,1.749,0.874,0.252,2.001,0,0
925,6,5,1,0,0,0.969,1.000,0.000,1.667,0.940,0.106,1.773,0,0
926,7,6,1,0,0,0.972,1.000,0.000,1.726,0.946,0.098,1.824,0,0
927,6,5,1,0,0,0.968,1.000,0.000,1.661,0.938,0.110,1.771,0,0
928,9,7,2,0,0,0.924,1.000,0.000,1.857,0.859,0.304,2.161,0,0
929,9,8,1,0,0,0.943,1.000,0.000,1.842,0.893,0.222,2.064,0,0
930,9,9,0,0,0,1.000,1.000,0.000,1.857,1.000,0.000,1.857,0,0
931,8,7,1,0,0,0.969,1.000,0.000,1.766,0.939,0.115,1.881,0,0
932,7,7,0,0,0,1.000,1.000,0.000,1.705,1.000,0.000,1.705,0,0
933,6,3,3,0,0,0.870,1.000,0.000,1.447,0.769,0.434,1.881,0,0
934,4,4,0,0,0,1.000,1.000,0.000,1.119,1.000,0.000,1.119,0,0
935,3,3,0,0,0,1.000,1.000,0.000,1.011,1.000,0.000,1.011,0,0
936,3,2,1,0,0,0.833,1.000,0.000,0.950,0.713,0.382,1.332,0,0
937,2,2,0,0,0,1.000,1.000,0.000,0.637,1.000,0.000,0.637,0,0
938,2,1,1,0,0,0.680,1.000,0.000,0.410,0.515,0.386,0.796,0,0
